Brand,Color,Ratings,Ratings_reviews,Original_price,Selling_price,Ram,Rom,Discount,Model
OPPO,Midnight Violet,4.4,"22,077 Ratings & 1,683 Reviews","₹15,999","₹12,499",4 GB,128 GB,21% off,OPPO K13x
Samsung,Onyx Black,4.6,"51,482 Ratings & 2,819 Reviews","₹79,999","₹47,999",8 GB,256 GB,40% off,Samsung Galaxy
MOTOROLA,Pantone Fluidity,4.4,"10,505 Ratings & 570 Reviews","₹17,999","₹13,999",8 GB,128 GB,22% off,MOTOROLA g57
MOTOROLA,PANTONE Mykonos Blue,4.4,"1,17,679 Ratings & 6,090 Reviews","₹25,999","₹21,999",8 GB,256 GB,15% off,MOTOROLA Edge
Samsung,Marble Gray,4.6,"51,482 Ratings & 2,819 Reviews","₹74,999","₹42,999",8 GB,128 GB,42% off,Samsung Galaxy
Samsung,Onyx Black,4.6,"51,482 Ratings & 2,819 Reviews","₹74,999","₹42,999",8 GB,128 GB,42% off,Samsung Galaxy
vivo,Titanium Gold,4.4,"42,665 Ratings & 1,245 Reviews","₹12,999","₹10,999",4 GB,64 GB,15% off,vivo T4
realme,Midnight Lily,4.4,"7,412 Ratings & 305 Reviews","₹12,999","₹11,999",4 GB,128 GB,7% off,realme P3
REDMI,Crimson Art,4.3,"24,135 Ratings & 1,036 Reviews","₹19,999","₹13,499",6 GB,128 GB,32% off,REDMI Note
vivo,Prism Blue,4.4,"42,665 Ratings & 1,245 Reviews","₹13,999","₹11,999",4 GB,128 GB,14% off,vivo T4
Samsung,Amber Yellow,4.6,"51,482 Ratings & 2,819 Reviews","₹79,999","₹47,999",8 GB,256 GB,40% off,Samsung Galaxy
Samsung,Marble Gray,4.6,"51,482 Ratings & 2,819 Reviews","₹79,999","₹47,999",8 GB,256 GB,40% off,Samsung Galaxy
MOTOROLA,PANTONE Amazonite,4.4,"1,17,679 Ratings & 6,090 Reviews","₹25,999","₹21,999",8 GB,256 GB,15% off,MOTOROLA Edge
MOTOROLA,Pantone Shadow,4.3,"13,629 Ratings & 1,104 Reviews","₹40,999","₹32,999",12 GB,256 GB,19% off,MOTOROLA Edge
realme,Matte Silver,4.3,"1,570 Ratings & 137 Reviews","₹20,999","₹18,499",8 GB,256 GB,11% off,realme P4x
MOTOROLA,PANTONE Mykonos Blue,4.4,"46,542 Ratings & 2,422 Reviews","₹27,999","₹23,999",12 GB,256 GB,14% off,MOTOROLA Edge
Samsung,Cobalt Violet,4.6,"51,482 Ratings & 2,819 Reviews","₹74,999","₹42,999",8 GB,128 GB,42% off,Samsung Galaxy
Samsung,Cobalt Violet,4.6,"51,482 Ratings & 2,819 Reviews","₹79,999","₹47,999",8 GB,256 GB,40% off,Samsung Galaxy
MOTOROLA,Leaf Green,4.2,"1,21,773 Ratings & 7,462 Reviews","₹12,499","₹10,999",4 GB,128 GB,12% off,MOTOROLA g35
POCO,Lavender Frost,4.3,"36,348 Ratings & 2,602 Reviews","₹18,999","₹13,499",6 GB,128 GB,28% off,POCO M7
REDMI,Titan Black,4.3,"24,135 Ratings & 1,036 Reviews","₹19,999","₹13,499",6 GB,128 GB,32% off,REDMI Note
MOTOROLA,Guava Red,4.2,"1,21,773 Ratings & 7,462 Reviews","₹12,499","₹10,999",4 GB,128 GB,12% off,MOTOROLA g35
REDMI,Sparkle Purple,4.2,"1,876 Ratings & 65 Reviews","₹12,999","₹10,804",6 GB,128 GB,16% off,REDMI A4
realme,Lake Green,4.3,"1,570 Ratings & 137 Reviews","₹20,999","₹18,499",8 GB,256 GB,11% off,realme P4x
MOTOROLA,Pantone Parachute,4.4,"6,442 Ratings & 364 Reviews","₹18,999","₹15,999",8 GB,128 GB,15% off,MOTOROLA g67
MOTOROLA,Pantone Cilantro,4.4,"6,442 Ratings & 364 Reviews","₹18,999","₹15,999",8 GB,128 GB,15% off,MOTOROLA g67
OPPO,Midnight Violet,4.4,"22,077 Ratings & 1,683 Reviews","₹15,999","₹12,499",4 GB,128 GB,21% off,OPPO K13x
Samsung,Onyx Black,4.6,"51,482 Ratings & 2,819 Reviews","₹79,999","₹47,999",8 GB,256 GB,40% off,Samsung Galaxy
vivo,Pronto Purple,4.4,"1,53,685 Ratings & 7,232 Reviews","₹20,999","₹18,499",8 GB,256 GB,11% off,vivo T4x
vivo,Glacial Teal,4.5,"2,04,656 Ratings & 8,968 Reviews","₹17,999","₹15,499",6 GB,128 GB,13% off,vivo T4x
Samsung,Marble Gray,4.6,"51,482 Ratings & 2,819 Reviews","₹74,999","₹42,999",8 GB,128 GB,42% off,Samsung Galaxy
Samsung,Onyx Black,4.6,"51,482 Ratings & 2,819 Reviews","₹74,999","₹42,999",8 GB,128 GB,42% off,Samsung Galaxy
Nothing,3a) Pro (Grey,4.5,"12,808 Ratings & 972 Reviews","₹32,999","₹28,999",8 GB,128 GB,12% off,Nothing Phone
Samsung,Awesome Iceblue,4.4,"70,416 Ratings & 4,089 Reviews","₹33,999","₹19,999",8 GB,128 GB,41% off,Samsung Galaxy
MOTOROLA,Pantone Regatta,4.4,"10,505 Ratings & 570 Reviews","₹17,999","₹13,999",8 GB,128 GB,22% off,MOTOROLA g57
MOTOROLA,Pantone Greener Pastures,4.4,"83,998 Ratings & 4,217 Reviews","₹22,999","₹18,999",8 GB,256 GB,17% off,MOTOROLA G96
Samsung,Amber Yellow,4.6,"51,482 Ratings & 2,819 Reviews","₹79,999","₹47,999",8 GB,256 GB,40% off,Samsung Galaxy
Samsung,Marble Gray,4.6,"51,482 Ratings & 2,819 Reviews","₹79,999","₹47,999",8 GB,256 GB,40% off,Samsung Galaxy
Samsung,Awesome Navy,4.4,"70,416 Ratings & 4,089 Reviews","₹33,999","₹19,999",8 GB,128 GB,41% off,Samsung Galaxy
MOTOROLA,Pantone Corsair,4.4,"10,505 Ratings & 570 Reviews","₹17,999","₹13,999",8 GB,128 GB,22% off,MOTOROLA g57
Samsung,Cobalt Violet,4.6,"51,482 Ratings & 2,819 Reviews","₹74,999","₹42,999",8 GB,128 GB,42% off,Samsung Galaxy
Samsung,Cobalt Violet,4.6,"51,482 Ratings & 2,819 Reviews","₹79,999","₹47,999",8 GB,256 GB,40% off,Samsung Galaxy
vivo,Prism Blue,4.3,"21,606 Ratings & 943 Reviews","₹16,999","₹14,999",8 GB,256 GB,11% off,vivo T4
POCO,Ice Silver,4.2,"18,328 Ratings & 1,055 Reviews","₹17,999","₹12,449",8 GB,128 GB,30% off,POCO M6
MOTOROLA,Midnight Black,4.3,"7,411 Ratings & 356 Reviews","₹15,499","₹12,999",8 GB,128 GB,16% off,MOTOROLA g35
MOTOROLA,Pantone Dresden Blue,4.4,"83,998 Ratings & 4,217 Reviews","₹22,999","₹18,999",8 GB,256 GB,17% off,MOTOROLA G96
Samsung,Lit Violet,4.2,"20,293 Ratings & 1,279 Reviews","₹15,499","₹10,999",6 GB,128 GB,29% off,Samsung Galaxy
MOTOROLA,Pantone Golden Cypress,4.3,"27,104 Ratings & 1,745 Reviews","₹19,999","₹16,999",8 GB,128 GB,15% off,MOTOROLA G86
vivo,Marine Blue,4.4,"1,53,685 Ratings & 7,232 Reviews","₹20,999","₹18,499",8 GB,256 GB,11% off,vivo T4x
realme,Stellar Pink,4.4,"71,571 Ratings & 2,727 Reviews","₹16,999","₹12,999",6 GB,128 GB,23% off,realme P3x
OPPO,Midnight Violet,4.4,"22,077 Ratings & 1,683 Reviews","₹15,999","₹12,499",4 GB,128 GB,21% off,OPPO K13x
Samsung,Onyx Black,4.6,"51,482 Ratings & 2,819 Reviews","₹79,999","₹47,999",8 GB,256 GB,40% off,Samsung Galaxy
MOTOROLA,Leaf Green,4.3,"7,411 Ratings & 356 Reviews","₹15,499","₹12,999",8 GB,128 GB,16% off,MOTOROLA g35
IQOO,Titanium Blue,4.2,"2,187 Ratings & 92 Reviews","₹13,999","₹12,035",4 GB,128 GB,14% off,IQOO Z10
MOTOROLA,Pantone Sparkling Grape,4.4,"2,435 Ratings & 182 Reviews","₹42,999","₹36,999",16 GB,512 GB,13% off,MOTOROLA Edge
MOTOROLA,Pantone Ashleigh Blue,4.4,"83,998 Ratings & 4,217 Reviews","₹22,999","₹18,999",8 GB,256 GB,17% off,MOTOROLA G96
Samsung,Marble Gray,4.6,"51,482 Ratings & 2,819 Reviews","₹74,999","₹42,999",8 GB,128 GB,42% off,Samsung Galaxy
Samsung,Onyx Black,4.6,"51,482 Ratings & 2,819 Reviews","₹74,999","₹42,999",8 GB,128 GB,42% off,Samsung Galaxy
vivo,Phantom Grey,4.5,"93,965 Ratings & 4,201 Reviews","₹27,999","₹24,999",8 GB,256 GB,10% off,vivo T4
Nothing,3a) Pro (Grey,4.5,"12,808 Ratings & 972 Reviews","₹34,999","₹30,999",8 GB,256 GB,11% off,Nothing Phone
Samsung,Amber Yellow,4.6,"51,482 Ratings & 2,819 Reviews","₹79,999","₹47,999",8 GB,256 GB,40% off,Samsung Galaxy
Samsung,Marble Gray,4.6,"51,482 Ratings & 2,819 Reviews","₹79,999","₹47,999",8 GB,256 GB,40% off,Samsung Galaxy
realme,Purple Blossom,4.4,"7,412 Ratings & 305 Reviews","₹12,999","₹11,999",4 GB,128 GB,7% off,realme P3
realme,Midnight Blue,4.4,"71,571 Ratings & 2,727 Reviews","₹16,999","₹12,998",6 GB,128 GB,23% off,realme P3x
POCO,Lunar Dust,4.3,"36,348 Ratings & 2,602 Reviews","₹18,999","₹13,499",6 GB,128 GB,28% off,POCO M7
CMF,Black,4.4,"69,832 Ratings & 4,792 Reviews","₹22,999","₹17,999",8 GB,128 GB,21% off,CMF by
Samsung,Cobalt Violet,4.6,"51,482 Ratings & 2,819 Reviews","₹74,999","₹42,999",8 GB,128 GB,42% off,Samsung Galaxy
Samsung,Cobalt Violet,4.6,"51,482 Ratings & 2,819 Reviews","₹79,999","₹47,999",8 GB,256 GB,40% off,Samsung Galaxy
REDMI,Starry Black,4.2,"1,876 Ratings & 65 Reviews","₹12,999","₹10,893",6 GB,128 GB,16% off,REDMI A4
MOTOROLA,Pantone Walnut,4.3,"44,921 Ratings & 3,326 Reviews","₹36,999","₹28,999",8 GB,256 GB,21% off,MOTOROLA Edge
POCO,Olive Twilight,4.3,"36,348 Ratings & 2,602 Reviews","₹18,999","₹13,499",6 GB,128 GB,28% off,POCO M7
realme,Lake Green,4.4,"5,112 Ratings & 391 Reviews","₹17,999","₹14,999",6 GB,128 GB,16% off,realme P4x
realme,Neptune Blue,4.4,"19,034 Ratings & 1,849 Reviews","₹33,999","₹24,499",8 GB,256 GB,27% off,realme P3
realme,Purple Blossom,4.4,"7,412 Ratings & 305 Reviews","₹12,999","₹11,999",4 GB,128 GB,7% off,realme P3
CMF,Light Green,4.4,"69,832 Ratings & 4,792 Reviews","₹22,999","₹17,999",8 GB,128 GB,21% off,CMF by
OnePlus,Marble Mist,4.5,"7,049 Ratings & 384 Reviews","₹24,999","₹24,917",8 GB,128 GB,,OnePlus Nord
OPPO,Midnight Violet,4.4,"22,077 Ratings & 1,683 Reviews","₹15,999","₹12,499",4 GB,128 GB,21% off,OPPO K13x
Samsung,Onyx Black,4.6,"51,482 Ratings & 2,819 Reviews","₹79,999","₹47,999",8 GB,256 GB,40% off,Samsung Galaxy
OPPO,Prism Black,4.5,"75,510 Ratings & 4,507 Reviews","₹22,999","₹19,999",8 GB,128 GB,13% off,OPPO K13
POCO,Ocean Blue,4.1,"72,792 Ratings & 3,360 Reviews","₹12,999","₹11,499",6 GB,128 GB,11% off,POCO M7
Samsung,Marble Gray,4.6,"51,482 Ratings & 2,819 Reviews","₹74,999","₹42,999",8 GB,128 GB,42% off,Samsung Galaxy
Samsung,Onyx Black,4.6,"51,482 Ratings & 2,819 Reviews","₹74,999","₹42,999",8 GB,128 GB,42% off,Samsung Galaxy
realme,Onyx Black,4.3,"6,532 Ratings & 265 Reviews","₹14,999","₹12,232",6 GB,128 GB,18% off,realme Narzo
OPPO,Sunset Peach,4.4,"22,077 Ratings & 1,683 Reviews","₹15,999","₹12,499",4 GB,128 GB,21% off,OPPO K13x
POCO,Nebula Green,4.3,"16,874 Ratings & 1,754 Reviews","₹31,999","₹22,999",8 GB,256 GB,28% off,POCO X7
Tecno,Geek Black,4.4,"3,658 Ratings & 390 Reviews","₹23,999","₹18,749",8 GB,256 GB,21% off,Tecno Pova
Samsung,Amber Yellow,4.6,"51,482 Ratings & 2,819 Reviews","₹79,999","₹47,999",8 GB,256 GB,40% off,Samsung Galaxy
Samsung,Marble Gray,4.6,"51,482 Ratings & 2,819 Reviews","₹79,999","₹47,999",8 GB,256 GB,40% off,Samsung Galaxy
vivo,Pronto Purple,4.4,"1,53,685 Ratings & 7,232 Reviews","₹19,499","₹16,499",8 GB,128 GB,15% off,vivo T4x
realme,Engine Blue,4.4,"18,852 Ratings & 1,201 Reviews","₹20,999","₹17,999",6 GB,128 GB,14% off,realme P4
Samsung,Cobalt Violet,4.6,"51,482 Ratings & 2,819 Reviews","₹74,999","₹42,999",8 GB,128 GB,42% off,Samsung Galaxy
Samsung,Cobalt Violet,4.6,"51,482 Ratings & 2,819 Reviews","₹79,999","₹47,999",8 GB,256 GB,40% off,Samsung Galaxy
Samsung,Black,4.3,"9,044 Ratings & 523 Reviews","₹22,999","₹16,999",6 GB,128 GB,26% off,Samsung Galaxy
POCO,Phantom Black,4.4,"20,281 Ratings & 1,953 Reviews","₹37,999","₹33,999",12 GB,512 GB,10% off,POCO F7
REDMI,Orchid Pink,4.2,"14,780 Ratings & 775 Reviews","₹19,999","₹13,746",8 GB,128 GB,31% off,REDMI 13
realme,Crystal Purple,4.3,"6,532 Ratings & 265 Reviews","₹14,999","₹12,231",6 GB,128 GB,18% off,realme Narzo
OPPO,Midnight Violet,4.4,"22,077 Ratings & 1,683 Reviews","₹15,999","₹12,499",4 GB,128 GB,21% off,OPPO K13x
Samsung,Onyx Black,4.6,"51,482 Ratings & 2,819 Reviews","₹79,999","₹47,999",8 GB,256 GB,40% off,Samsung Galaxy
MOTOROLA,Pantone Spellbound,4.3,"27,104 Ratings & 1,745 Reviews","₹19,999","₹16,999",8 GB,128 GB,15% off,MOTOROLA G86
REDMI,Stargaze Black,4.2,"8,875 Ratings & 442 Reviews","₹13,999","₹10,626",4 GB,128 GB,24% off,REDMI 14C
Samsung,Marble Gray,4.6,"51,482 Ratings & 2,819 Reviews","₹74,999","₹42,999",8 GB,128 GB,42% off,Samsung Galaxy
Samsung,Onyx Black,4.6,"51,482 Ratings & 2,819 Reviews","₹74,999","₹42,999",8 GB,128 GB,42% off,Samsung Galaxy
vivo,Marine Blue,4.4,"1,53,685 Ratings & 7,232 Reviews","₹19,499","₹16,499",8 GB,128 GB,15% off,vivo T4x
realme,Lunar Silver,4.4,"71,571 Ratings & 2,727 Reviews","₹16,999","₹12,999",6 GB,128 GB,23% off,realme P3x
Google,Obsidian,4.4,"5,762 Ratings & 393 Reviews","₹49,999","₹39,999",8 GB,256 GB,20% off,Google Pixel
vivo,Marine Blue,4.5,"2,04,656 Ratings & 8,968 Reviews","₹17,999","₹15,499",6 GB,128 GB,13% off,vivo T4x
Samsung,Amber Yellow,4.6,"51,482 Ratings & 2,819 Reviews","₹79,999","₹47,999",8 GB,256 GB,40% off,Samsung Galaxy
Samsung,Marble Gray,4.6,"51,482 Ratings & 2,819 Reviews","₹79,999","₹47,999",8 GB,256 GB,40% off,Samsung Galaxy
Tecno,Geek Black,4.4,"3,658 Ratings & 390 Reviews","₹23,999","₹18,749",8 GB,256 GB,21% off,Tecno Pova
POCO,Yellow,4.3,"16,874 Ratings & 1,754 Reviews","₹31,999","₹22,999",8 GB,256 GB,28% off,POCO X7
Samsung,Cobalt Violet,4.6,"51,482 Ratings & 2,819 Reviews","₹74,999","₹42,999",8 GB,128 GB,42% off,Samsung Galaxy
Samsung,Cobalt Violet,4.6,"51,482 Ratings & 2,819 Reviews","₹79,999","₹47,999",8 GB,256 GB,40% off,Samsung Galaxy
MOTOROLA,PANTONE Slipstream,4.4,"46,542 Ratings & 2,422 Reviews","₹27,999","₹23,999",12 GB,256 GB,14% off,MOTOROLA Edge
Nothing,3a) (Black,4.5,"55,446 Ratings & 3,855 Reviews","₹27,999","₹24,999",8 GB,128 GB,10% off,Nothing Phone
realme,Onyx Black,4.3,716 Ratings & 36 Reviews,"₹13,999","₹11,590",4 GB,128 GB,17% off,realme Narzo
vivo,Emerald Blaze,4.5,"93,965 Ratings & 4,201 Reviews","₹25,999","₹22,999",8 GB,128 GB,11% off,vivo T4
Infinix,Titanium Grey,4.4,"9,949 Ratings & 624 Reviews","₹19,999","₹17,999",6 GB,128 GB,10% off,Infinix Note
Tecno,Oasis Green,4.4,"8,858 Ratings & 679 Reviews","₹19,999","₹15,999",8 GB,256 GB,20% off,Tecno Pova
POCO,Graphite Black,4.2,"18,328 Ratings & 1,055 Reviews","₹17,999","₹12,420",8 GB,128 GB,30% off,POCO M6
realme,Steel Grey,4.4,"13,933 Ratings & 936 Reviews","₹21,999","₹18,999",8 GB,128 GB,13% off,realme P4
OPPO,Midnight Violet,4.4,"22,077 Ratings & 1,683 Reviews","₹15,999","₹12,499",4 GB,128 GB,21% off,OPPO K13x
Samsung,Onyx Black,4.6,"51,482 Ratings & 2,819 Reviews","₹79,999","₹47,999",8 GB,256 GB,40% off,Samsung Galaxy
OPPO,Glacier White,4.7,164 Ratings & 47 Reviews,"₹49,999","₹45,999",8 GB,256 GB,8% off,OPPO Reno15
OPPO,Prism Black,4.5,"75,510 Ratings & 4,507 Reviews","₹24,999","₹21,999",8 GB,256 GB,12% off,OPPO K13
MOTOROLA,Pantone Sparkling Grape,4.3,"13,629 Ratings & 1,104 Reviews","₹40,999","₹32,999",12 GB,256 GB,19% off,MOTOROLA Edge
MOTOROLA,Pantone Dresden Blue,4.4,"83,998 Ratings & 4,217 Reviews","₹20,999","₹17,999",8 GB,128 GB,14% off,MOTOROLA G96
Samsung,Marble Gray,4.6,"51,482 Ratings & 2,819 Reviews","₹74,999","₹42,999",8 GB,128 GB,42% off,Samsung Galaxy
Samsung,Onyx Black,4.6,"51,482 Ratings & 2,819 Reviews","₹74,999","₹42,999",8 GB,128 GB,42% off,Samsung Galaxy
vivo,Twilight Blue,4.5,"53,740 Ratings & 2,397 Reviews","₹24,999","₹22,999",8 GB,256 GB,8% off,vivo T4R
REDMI,Sparkle Purple,4.3,"14,008 Ratings & 585 Reviews","₹11,999","₹10,499",4 GB,128 GB,12% off,REDMI A4
Samsung,Amber Yellow,4.6,"51,482 Ratings & 2,819 Reviews","₹79,999","₹47,999",8 GB,256 GB,40% off,Samsung Galaxy
Samsung,Marble Gray,4.6,"51,482 Ratings & 2,819 Reviews","₹79,999","₹47,999",8 GB,256 GB,40% off,Samsung Galaxy
MOTOROLA,Pantone Sparkling Grape,4.3,"44,921 Ratings & 3,326 Reviews","₹36,999","₹28,999",8 GB,256 GB,21% off,MOTOROLA Edge
Apple,Black,4.6,"4,218 Ratings & 226 Reviews","₹79,900","₹74,900",,128 GB,6% off,Apple iPhone
OnePlus,Black Infinity,4.5,"7,049 Ratings & 384 Reviews","₹26,999","₹26,960",8 GB,256 GB,,OnePlus Nord
OnePlus,Nexus Blue,4.5,"7,049 Ratings & 384 Reviews","₹24,999","₹24,790",8 GB,128 GB,,OnePlus Nord
Samsung,Cobalt Violet,4.6,"51,482 Ratings & 2,819 Reviews","₹74,999","₹42,999",8 GB,128 GB,42% off,Samsung Galaxy
Samsung,Cobalt Violet,4.6,"51,482 Ratings & 2,819 Reviews","₹79,999","₹47,999",8 GB,256 GB,40% off,Samsung Galaxy
OnePlus,Black Infinity,4.5,"7,049 Ratings & 384 Reviews","₹24,999","₹24,790",8 GB,128 GB,,OnePlus Nord
vivo,Arctic White,4.4,"4,920 Ratings & 230 Reviews","₹26,999","₹24,999",12 GB,256 GB,7% off,vivo T4R
vivo,Arctic White,4.5,"53,740 Ratings & 2,397 Reviews","₹23,499","₹20,999",8 GB,128 GB,10% off,vivo T4R
Apple,Pink,4.6,"2,71,335 Ratings & 9,480 Reviews","₹59,900","₹54,900",,128 GB,8% off,Apple iPhone
OnePlus,Nexus Blue,4.5,"7,049 Ratings & 384 Reviews","₹30,999","₹28,957",8 GB,256 GB,6% off,OnePlus Nord
OnePlus,Marble Mist,4.5,"7,049 Ratings & 384 Reviews","₹30,999","₹27,855",8 GB,256 GB,10% off,OnePlus Nord
POCO,Mystic Purple,4.2,174 Ratings & 10 Reviews,"₹15,499","₹12,999",6 GB,128 GB,16% off,POCO C85
POCO,Frost Silver,4.7,482 Ratings & 33 Reviews,"₹22,999","₹19,999",8 GB,128 GB,13% off,POCO M8
OPPO,Midnight Violet,4.4,"22,077 Ratings & 1,683 Reviews","₹15,999","₹12,499",4 GB,128 GB,21% off,OPPO K13x
Samsung,Onyx Black,4.6,"51,482 Ratings & 2,819 Reviews","₹79,999","₹47,999",8 GB,256 GB,40% off,Samsung Galaxy
MOTOROLA,Pantone Spellbound,4.3,"27,104 Ratings & 1,745 Reviews","₹19,999","₹16,999",8 GB,128 GB,15% off,MOTOROLA G86
Apple,Sage,4.7,"3,975 Ratings & 227 Reviews",,"₹82,900",,256 GB,,Apple iPhone
Samsung,Marble Gray,4.6,"51,482 Ratings & 2,819 Reviews","₹74,999","₹42,999",8 GB,128 GB,42% off,Samsung Galaxy
Samsung,Onyx Black,4.6,"51,482 Ratings & 2,819 Reviews","₹74,999","₹42,999",8 GB,128 GB,42% off,Samsung Galaxy
POCO,Glacial Blue,4.7,482 Ratings & 33 Reviews,"₹22,999","₹19,999",8 GB,128 GB,13% off,POCO M8
realme,Midnight Lily,4.4,"11,295 Ratings & 464 Reviews","₹13,999","₹12,999",6 GB,128 GB,7% off,realme P3
realme,Purple Blossom,4.4,"7,412 Ratings & 305 Reviews","₹12,999","₹11,999",4 GB,128 GB,7% off,realme P3
IQOO,Ultramarine,4.4,"4,877 Ratings & 222 Reviews","₹18,999","₹16,438",8 GB,128 GB,13% off,IQOO Z10X
Samsung,Amber Yellow,4.6,"51,482 Ratings & 2,819 Reviews","₹79,999","₹47,999",8 GB,256 GB,40% off,Samsung Galaxy
Samsung,Marble Gray,4.6,"51,482 Ratings & 2,819 Reviews","₹79,999","₹47,999",8 GB,256 GB,40% off,Samsung Galaxy
Samsung,Silver Shadow,4.7,320 Ratings & 42 Reviews,"₹99,999","₹74,999",12 GB,256 GB,25% off,Samsung Galaxy
POCO,Ocean Blue,4.1,"72,792 Ratings & 3,360 Reviews","₹12,999","₹11,499",6 GB,128 GB,11% off,POCO M7
Samsung,Cobalt Violet,4.6,"51,482 Ratings & 2,819 Reviews","₹74,999","₹42,999",8 GB,128 GB,42% off,Samsung Galaxy
Samsung,Cobalt Violet,4.6,"51,482 Ratings & 2,819 Reviews","₹79,999","₹47,999",8 GB,256 GB,40% off,Samsung Galaxy
Nothing,3a) Pro (Black,4.5,"12,808 Ratings & 972 Reviews","₹34,999","₹30,999",8 GB,256 GB,11% off,Nothing Phone
realme,Lily White,4.4,"11,295 Ratings & 464 Reviews","₹13,999","₹12,999",6 GB,128 GB,7% off,realme P3
POCO,Carbon Black,4.7,482 Ratings & 33 Reviews,"₹24,999","₹21,999",8 GB,256 GB,12% off,POCO M8
OPPO,Twilight Blue,4.8,59 Ratings & 9 Reviews,"₹54,999","₹48,999",12 GB,256 GB,10% off,OPPO Reno15
OPPO,Aurora Blue,4.8,59 Ratings & 9 Reviews,"₹54,999","₹48,999",12 GB,256 GB,10% off,OPPO Reno15
OPPO,Glacier White,4.8,59 Ratings & 9 Reviews,"₹54,999","₹48,999",12 GB,256 GB,10% off,OPPO Reno15
IQOO,Titanium,4.4,"4,877 Ratings & 222 Reviews","₹18,999","₹16,465",8 GB,128 GB,13% off,IQOO Z10X
POCO,Yellow,4.3,"16,874 Ratings & 1,754 Reviews","₹31,999","₹22,999",8 GB,256 GB,28% off,POCO X7
OPPO,Midnight Violet,4.4,"22,077 Ratings & 1,683 Reviews","₹15,999","₹12,499",4 GB,128 GB,21% off,OPPO K13x
Samsung,Onyx Black,4.6,"51,482 Ratings & 2,819 Reviews","₹79,999","₹47,999",8 GB,256 GB,40% off,Samsung Galaxy
MOTOROLA,Pantone Sparkling Grape,4.4,"2,435 Ratings & 182 Reviews","₹42,999","₹36,999",16 GB,512 GB,13% off,MOTOROLA Edge
POCO,Ocean Blue,4.3,"16,141 Ratings & 775 Reviews","₹13,999","₹12,499",8 GB,128 GB,10% off,POCO M7
Nothing,3) (Black,4.4,509 Ratings & 58 Reviews,"₹94,999","₹89,999",16 GB,512 GB,5% off,Nothing Phone
OPPO,Twilight Blue,4.7,164 Ratings & 47 Reviews,"₹49,999","₹45,999",8 GB,256 GB,8% off,OPPO Reno15
Samsung,Marble Gray,4.6,"51,482 Ratings & 2,819 Reviews","₹74,999","₹42,999",8 GB,128 GB,42% off,Samsung Galaxy
Samsung,Onyx Black,4.6,"51,482 Ratings & 2,819 Reviews","₹74,999","₹42,999",8 GB,128 GB,42% off,Samsung Galaxy
OPPO,Glacier White,4.7,164 Ratings & 47 Reviews,"₹49,999","₹45,999",8 GB,256 GB,8% off,OPPO Reno15
IQOO,Ultramarine,4.4,"8,664 Ratings & 443 Reviews","₹17,499","₹14,990",6 GB,128 GB,14% off,IQOO Z10X
Samsung,Amber Yellow,4.6,"51,482 Ratings & 2,819 Reviews","₹79,999","₹47,999",8 GB,256 GB,40% off,Samsung Galaxy
Samsung,Marble Gray,4.6,"51,482 Ratings & 2,819 Reviews","₹79,999","₹47,999",8 GB,256 GB,40% off,Samsung Galaxy
IQOO,Titanium,4.4,"8,664 Ratings & 443 Reviews","₹17,499","₹15,190",6 GB,128 GB,13% off,IQOO Z10X
Samsung,Mint,4.5,"74,852 Ratings & 4,753 Reviews","₹65,999","₹39,999",8 GB,256 GB,39% off,Samsung Galaxy
Samsung,Blue,4.5,"74,852 Ratings & 4,753 Reviews","₹65,999","₹39,999",8 GB,256 GB,39% off,Samsung Galaxy
Apple,Cosmic Orange,4.7,744 Ratings & 53 Reviews,,"₹1,34,900",,256 GB,,Apple iPhone
Samsung,Cobalt Violet,4.6,"51,482 Ratings & 2,819 Reviews","₹74,999","₹42,999",8 GB,128 GB,42% off,Samsung Galaxy
Samsung,Cobalt Violet,4.6,"51,482 Ratings & 2,819 Reviews","₹79,999","₹47,999",8 GB,256 GB,40% off,Samsung Galaxy
OnePlus,Dry Ice,4.5,"2,126 Ratings & 142 Reviews","₹34,999","₹32,868",8 GB,256 GB,6% off,OnePlus Nord
Infinix,Titanium Grey,4.4,"9,949 Ratings & 624 Reviews","₹19,999","₹17,999",6 GB,128 GB,10% off,Infinix Note
OnePlus,Phantom Grey,4.5,"1,515 Ratings & 116 Reviews","₹37,999","₹35,804",12 GB,256 GB,5% off,OnePlus Nord
OnePlus,Dry Ice,4.5,"1,515 Ratings & 116 Reviews","₹37,999","₹35,857",12 GB,256 GB,5% off,OnePlus Nord
realme,Steel Grey,4.4,"13,933 Ratings & 936 Reviews","₹23,999","₹20,999",8 GB,256 GB,12% off,realme P4
realme,Midnight Blue,4.4,"23,593 Ratings & 978 Reviews","₹17,999","₹13,999",8 GB,128 GB,22% off,realme P3x
Nothing,3) (White,4.4,509 Ratings & 58 Reviews,"₹94,999","₹89,999",16 GB,512 GB,5% off,Nothing Phone
Google,Indigo,4.5,"1,459 Ratings & 93 Reviews","₹79,999","₹74,999",12 GB,256 GB,6% off,Google Pixel
OPPO,Midnight Violet,4.4,"22,077 Ratings & 1,683 Reviews","₹15,999","₹12,499",4 GB,128 GB,21% off,OPPO K13x
Samsung,Onyx Black,4.6,"51,482 Ratings & 2,819 Reviews","₹79,999","₹47,999",8 GB,256 GB,40% off,Samsung Galaxy
realme,Steel Grey,4.4,"13,933 Ratings & 936 Reviews","₹21,999","₹18,999",8 GB,128 GB,13% off,realme P4
REDMI,Sparkle Purple,4.2,"1,876 Ratings & 65 Reviews","₹12,999","₹10,804",6 GB,128 GB,16% off,REDMI A4
Samsung,Marble Gray,4.6,"51,482 Ratings & 2,819 Reviews","₹74,999","₹42,999",8 GB,128 GB,42% off,Samsung Galaxy
Samsung,Onyx Black,4.6,"51,482 Ratings & 2,819 Reviews","₹74,999","₹42,999",8 GB,128 GB,42% off,Samsung Galaxy
realme,Lunar Silver,4.4,"23,593 Ratings & 978 Reviews","₹17,999","₹13,999",8 GB,128 GB,22% off,realme P3x
realme,Midnight Blue,4.4,"71,571 Ratings & 2,727 Reviews","₹16,999","₹12,998",6 GB,128 GB,23% off,realme P3x
OnePlus,Charcoal Black,4.7,158 Ratings & 8 Reviews,"₹54,999","₹47,628",12 GB,256 GB,13% off,OnePlus 15R
OnePlus,Charcoal Black,4.7,158 Ratings & 8 Reviews,"₹59,999","₹52,490",12 GB,512 GB,12% off,OnePlus 15R
Samsung,Amber Yellow,4.6,"51,482 Ratings & 2,819 Reviews","₹79,999","₹47,999",8 GB,256 GB,40% off,Samsung Galaxy
Samsung,Marble Gray,4.6,"51,482 Ratings & 2,819 Reviews","₹79,999","₹47,999",8 GB,256 GB,40% off,Samsung Galaxy
OnePlus,Electric Violet,4.7,158 Ratings & 8 Reviews,"₹54,999","₹47,966",12 GB,256 GB,12% off,OnePlus 15R
Infinix,Marine Drift,4.4,"9,949 Ratings & 624 Reviews","₹19,999","₹17,999",6 GB,128 GB,10% off,Infinix Note
Samsung,Cobalt Violet,4.6,"51,482 Ratings & 2,819 Reviews","₹74,999","₹42,999",8 GB,128 GB,42% off,Samsung Galaxy
Samsung,Cobalt Violet,4.6,"51,482 Ratings & 2,819 Reviews","₹79,999","₹47,999",8 GB,256 GB,40% off,Samsung Galaxy
realme,Stellar Pink,4.4,"23,593 Ratings & 978 Reviews","₹17,999","₹13,999",8 GB,128 GB,22% off,realme P3x
Apple,Sage,4.7,"3,975 Ratings & 227 Reviews",,"₹1,02,900",,512 GB,,Apple iPhone
vivo,Blaze Gold,4.5,"13,958 Ratings & 888 Reviews","₹32,999","₹27,999",8 GB,128 GB,15% off,vivo T4
vivo,Nitro Blue,4.5,"13,958 Ratings & 888 Reviews","₹34,999","₹29,999",8 GB,256 GB,14% off,vivo T4
OPPO,Midnight Violet,4.4,"22,077 Ratings & 1,683 Reviews","₹15,999","₹12,499",4 GB,128 GB,21% off,OPPO K13x
Samsung,Onyx Black,4.6,"51,482 Ratings & 2,819 Reviews","₹79,999","₹47,999",8 GB,256 GB,40% off,Samsung Galaxy
Samsung,Graphite,4.5,"74,852 Ratings & 4,753 Reviews","₹59,999","₹35,999",8 GB,128 GB,40% off,Samsung Galaxy
POCO,Spring Green,4.2,127 Ratings & 7 Reviews,"₹14,499","₹11,999",4 GB,128 GB,17% off,POCO C85
Samsung,Marble Gray,4.6,"51,482 Ratings & 2,819 Reviews","₹74,999","₹42,999",8 GB,128 GB,42% off,Samsung Galaxy
Samsung,Onyx Black,4.6,"51,482 Ratings & 2,819 Reviews","₹74,999","₹42,999",8 GB,128 GB,42% off,Samsung Galaxy
IQOO,Titanium Blue,4.2,"2,187 Ratings & 92 Reviews","₹13,999","₹11,979",4 GB,128 GB,14% off,IQOO Z10
Tecno,Magic Silver,4.4,"8,858 Ratings & 679 Reviews","₹19,999","₹15,999",8 GB,256 GB,20% off,Tecno Pova
realme,Master Gold,4.5,570 Ratings & 74 Reviews,"₹34,999","₹31,999",8 GB,128 GB,8% off,realme 16
IQOO,Titanium,4.4,"4,877 Ratings & 222 Reviews","₹20,499","₹18,290",8 GB,256 GB,10% off,IQOO Z10X
Samsung,Amber Yellow,4.6,"51,482 Ratings & 2,819 Reviews","₹79,999","₹47,999",8 GB,256 GB,40% off,Samsung Galaxy
Samsung,Marble Gray,4.6,"51,482 Ratings & 2,819 Reviews","₹79,999","₹47,999",8 GB,256 GB,40% off,Samsung Galaxy
Tecno,Bikaner Red,4.3,"1,482 Ratings & 130 Reviews","₹11,999","₹10,999",4 GB,128 GB,8% off,Tecno Spark
OPPO,Aurora Blue,4.7,164 Ratings & 47 Reviews,"₹49,999","₹45,999",8 GB,256 GB,8% off,OPPO Reno15
Samsung,Cobalt Violet,4.6,"51,482 Ratings & 2,819 Reviews","₹74,999","₹42,999",8 GB,128 GB,42% off,Samsung Galaxy
Samsung,Cobalt Violet,4.6,"51,482 Ratings & 2,819 Reviews","₹79,999","₹47,999",8 GB,256 GB,40% off,Samsung Galaxy
Tecno,Sky Blue,4.3,"1,482 Ratings & 130 Reviews","₹11,999","₹10,999",4 GB,128 GB,8% off,Tecno Spark
realme,Crystal Purple,4.3,"6,532 Ratings & 265 Reviews","₹14,999","₹12,231",6 GB,128 GB,18% off,realme Narzo
Apple,Black,4.6,"2,71,335 Ratings & 9,480 Reviews","₹69,900","₹64,900",,256 GB,7% off,Apple iPhone
POCO,Frost Silver,4.6,490 Ratings & 30 Reviews,"₹21,999","₹18,999",6 GB,128 GB,13% off,POCO M8
Samsung,Awesome Olive,4.4,514 Ratings & 36 Reviews,"₹52,999","₹42,299",12 GB,256 GB,20% off,Samsung Galaxy
vivo,Nitro Blue,4.5,"3,539 Ratings & 254 Reviews","₹36,999","₹31,999",12 GB,256 GB,13% off,vivo T4
MOTOROLA,PANTONE Gadget Gray,4.4,"1,373 Ratings & 139 Reviews","₹34,999","₹29,999",8 GB,256 GB,14% off,MOTOROLA Edge
Tecno,Dynamic Grey,4.4,"3,658 Ratings & 390 Reviews","₹21,999","₹17,749",8 GB,128 GB,19% off,Tecno Pova
OPPO,Midnight Violet,4.4,"22,077 Ratings & 1,683 Reviews","₹15,999","₹12,499",4 GB,128 GB,21% off,OPPO K13x
Samsung,Onyx Black,4.6,"51,482 Ratings & 2,819 Reviews","₹79,999","₹47,999",8 GB,256 GB,40% off,Samsung Galaxy
realme,Steel Grey,4.4,"18,852 Ratings & 1,201 Reviews","₹20,999","₹17,999",6 GB,128 GB,14% off,realme P4
Apple,White,4.6,"4,218 Ratings & 226 Reviews","₹79,900","₹74,900",,128 GB,6% off,Apple iPhone
Samsung,Mint,4.5,"74,852 Ratings & 4,753 Reviews","₹59,999","₹35,999",8 GB,128 GB,40% off,Samsung Galaxy
Samsung,Blue,4.5,"74,852 Ratings & 4,753 Reviews","₹59,999","₹35,999",8 GB,128 GB,40% off,Samsung Galaxy
Samsung,Marble Gray,4.6,"51,482 Ratings & 2,819 Reviews","₹74,999","₹42,999",8 GB,128 GB,42% off,Samsung Galaxy
Samsung,Onyx Black,4.6,"51,482 Ratings & 2,819 Reviews","₹74,999","₹42,999",8 GB,128 GB,42% off,Samsung Galaxy
POCO,Mint Green,4.3,"16,141 Ratings & 775 Reviews","₹13,999","₹12,499",8 GB,128 GB,10% off,POCO M7
realme,Master Gold,4.5,198 Ratings & 31 Reviews,"₹39,999","₹36,999",12 GB,256 GB,7% off,realme 16
Samsung,Amber Yellow,4.6,"51,482 Ratings & 2,819 Reviews","₹79,999","₹47,999",8 GB,256 GB,40% off,Samsung Galaxy
Samsung,Marble Gray,4.6,"51,482 Ratings & 2,819 Reviews","₹79,999","₹47,999",8 GB,256 GB,40% off,Samsung Galaxy
IQOO,Cyber Green,4.3,"2,230 Ratings & 103 Reviews","₹16,999","₹15,480",8 GB,256 GB,8% off,IQOO Z10
realme,Master Gold,4.5,570 Ratings & 74 Reviews,"₹36,999","₹33,999",8 GB,256 GB,8% off,realme 16
realme,Pebble Grey,4.5,570 Ratings & 74 Reviews,"₹36,999","₹33,999",8 GB,256 GB,8% off,realme 16
MOTOROLA,Guava Red,4.2,"1,21,773 Ratings & 7,462 Reviews","₹12,499","₹10,999",4 GB,128 GB,12% off,MOTOROLA g35
Samsung,Cobalt Violet,4.6,"51,482 Ratings & 2,819 Reviews","₹74,999","₹42,999",8 GB,128 GB,42% off,Samsung Galaxy
Samsung,Cobalt Violet,4.6,"51,482 Ratings & 2,819 Reviews","₹79,999","₹47,999",8 GB,256 GB,40% off,Samsung Galaxy
OnePlus,Mint Breeze,4.7,158 Ratings & 8 Reviews,"₹54,999","₹47,799",12 GB,256 GB,13% off,OnePlus 15R
realme,Onyx Black,4.3,"6,532 Ratings & 265 Reviews","₹14,999","₹12,232",6 GB,128 GB,18% off,realme Narzo
POCO,Carbon Black,4.7,482 Ratings & 33 Reviews,"₹22,999","₹19,999",8 GB,128 GB,13% off,POCO M8
Tecno,Neon Cyan,4.4,"3,658 Ratings & 390 Reviews","₹21,999","₹17,749",8 GB,128 GB,19% off,Tecno Pova
Tecno,Geek Black,4.4,"3,658 Ratings & 390 Reviews","₹21,999","₹17,749",8 GB,128 GB,19% off,Tecno Pova
POCO,Frost Silver,4.7,482 Ratings & 33 Reviews,"₹22,999","₹19,999",8 GB,128 GB,13% off,POCO M8
POCO,Satin Black,4.1,"72,792 Ratings & 3,360 Reviews","₹12,999","₹11,499",6 GB,128 GB,11% off,POCO M7
realme,Lunar Silver,4.4,"71,571 Ratings & 2,727 Reviews","₹16,999","₹12,999",6 GB,128 GB,23% off,realme P3x
OPPO,Midnight Violet,4.4,"22,077 Ratings & 1,683 Reviews","₹15,999","₹12,499",4 GB,128 GB,21% off,OPPO K13x
Samsung,Onyx Black,4.6,"51,482 Ratings & 2,819 Reviews","₹79,999","₹47,999",8 GB,256 GB,40% off,Samsung Galaxy
Tecno,Dynamic Grey,4.4,"3,658 Ratings & 390 Reviews","₹23,999","₹18,749",8 GB,256 GB,21% off,Tecno Pova
POCO,Aqua Blue,4.3,"3,688 Ratings & 209 Reviews","₹17,999","₹14,999",8 GB,128 GB,16% off,POCO M7
Samsung,Marble Gray,4.6,"51,482 Ratings & 2,819 Reviews","₹74,999","₹42,999",8 GB,128 GB,42% off,Samsung Galaxy
Samsung,Onyx Black,4.6,"51,482 Ratings & 2,819 Reviews","₹74,999","₹42,999",8 GB,128 GB,42% off,Samsung Galaxy
POCO,Frost Silver,4.7,482 Ratings & 33 Reviews,"₹24,999","₹21,999",8 GB,256 GB,12% off,POCO M8
LAVA,Dune Titanium,4.2,198 Ratings & 18 Reviews,"₹13,499","₹10,999",6 GB,128 GB,18% off,LAVA Storm
Motorola,Forest Green,4.4,"1,41,838 Ratings & 8,984 Reviews","₹25,999","₹18,999",8 GB,128 GB,26% off,Motorola Edge
POCO,Spring Green,4.2,174 Ratings & 10 Reviews,"₹15,499","₹12,999",6 GB,128 GB,16% off,POCO C85
Samsung,Amber Yellow,4.6,"51,482 Ratings & 2,819 Reviews","₹79,999","₹47,999",8 GB,256 GB,40% off,Samsung Galaxy
Samsung,Marble Gray,4.6,"51,482 Ratings & 2,819 Reviews","₹79,999","₹47,999",8 GB,256 GB,40% off,Samsung Galaxy
Motorola,Hot Pink,4.4,"1,72,840 Ratings & 11,431 Reviews","₹27,999","₹20,999",12 GB,256 GB,25% off,Motorola Edge
OnePlus,Phantom Grey,4.5,"1,515 Ratings & 116 Reviews","₹40,999","₹40,799",12 GB,512 GB,,OnePlus Nord
Samsung,Cobalt Violet,4.6,"51,482 Ratings & 2,819 Reviews","₹74,999","₹42,999",8 GB,128 GB,42% off,Samsung Galaxy
Samsung,Cobalt Violet,4.6,"51,482 Ratings & 2,819 Reviews","₹79,999","₹47,999",8 GB,256 GB,40% off,Samsung Galaxy
OnePlus,Astral Trail,4.5,"4,956 Ratings & 311 Reviews","₹44,999","₹39,025",12 GB,256 GB,13% off,OnePlus 13R
Samsung,Sapphire Black,4.4,151 Ratings & 11 Reviews,"₹17,999","₹14,669",6 GB,128 GB,18% off,Samsung Galaxy
POCO,Phantom Black,4.4,"20,281 Ratings & 1,953 Reviews","₹37,999","₹33,999",12 GB,512 GB,10% off,POCO F7
realme,Crystal Purple,4.3,716 Ratings & 36 Reviews,"₹13,999","₹11,589",4 GB,128 GB,17% off,realme Narzo
realme,Orchid Purple,4.5,570 Ratings & 74 Reviews,"₹36,999","₹33,999",8 GB,256 GB,8% off,realme 16
POCO,Graphite Black,4.2,"18,328 Ratings & 1,055 Reviews","₹17,999","₹12,420",8 GB,128 GB,30% off,POCO M6
Samsung,Moonlight Silver,4.4,151 Ratings & 11 Reviews,"₹17,999","₹14,690",6 GB,128 GB,18% off,Samsung Galaxy
POCO,Ice Silver,4.2,"18,328 Ratings & 1,055 Reviews","₹17,999","₹12,420",8 GB,128 GB,30% off,POCO M6
OPPO,Midnight Violet,4.4,"22,077 Ratings & 1,683 Reviews","₹15,999","₹12,499",4 GB,128 GB,21% off,OPPO K13x
Samsung,Onyx Black,4.6,"51,482 Ratings & 2,819 Reviews","₹79,999","₹47,999",8 GB,256 GB,40% off,Samsung Galaxy
vivo,Phoenix Gold,4.5,"5,156 Ratings & 465 Reviews","₹40,999","₹35,999",8 GB,256 GB,12% off,vivo T4
realme,Stellar Pink,4.4,"71,571 Ratings & 2,727 Reviews","₹16,999","₹12,999",6 GB,128 GB,23% off,realme P3x
MOTOROLA,PANTONE Bronze Green,4.4,"1,373 Ratings & 139 Reviews","₹34,999","₹29,999",8 GB,256 GB,14% off,MOTOROLA Edge
realme,Orchid Purple,4.5,198 Ratings & 31 Reviews,"₹39,999","₹36,999",12 GB,256 GB,7% off,realme 16
Samsung,Marble Gray,4.6,"51,482 Ratings & 2,819 Reviews","₹74,999","₹42,999",8 GB,128 GB,42% off,Samsung Galaxy
Samsung,Onyx Black,4.6,"51,482 Ratings & 2,819 Reviews","₹74,999","₹42,999",8 GB,128 GB,42% off,Samsung Galaxy
Nothing,3a) (White,4.5,"55,446 Ratings & 3,855 Reviews","₹29,999","₹26,999",8 GB,256 GB,10% off,Nothing Phone
realme,Pebble Grey,4.5,198 Ratings & 31 Reviews,"₹39,999","₹36,999",12 GB,256 GB,7% off,realme 16
Samsung,Amber Yellow,4.6,"51,482 Ratings & 2,819 Reviews","₹79,999","₹47,999",8 GB,256 GB,40% off,Samsung Galaxy
Samsung,Marble Gray,4.6,"51,482 Ratings & 2,819 Reviews","₹79,999","₹47,999",8 GB,256 GB,40% off,Samsung Galaxy
Nothing,3a) (Blue,4.5,"55,446 Ratings & 3,855 Reviews","₹27,999","₹24,999",8 GB,128 GB,10% off,Nothing Phone
REDMI,Black Diamond,4.2,"14,780 Ratings & 775 Reviews","₹19,999","₹13,738",8 GB,128 GB,31% off,REDMI 13
POCO,Aqua Blue,4.1,"1,550 Ratings & 105 Reviews","₹15,999","₹12,999",4 GB,128 GB,18% off,POCO M7
OPPO,Marble White,4.4,"1,970 Ratings & 135 Reviews","₹34,999","₹24,000",8 GB,256 GB,31% off,OPPO F29
Samsung,Cobalt Violet,4.6,"51,482 Ratings & 2,819 Reviews","₹74,999","₹42,999",8 GB,128 GB,42% off,Samsung Galaxy
Samsung,Cobalt Violet,4.6,"51,482 Ratings & 2,819 Reviews","₹79,999","₹47,999",8 GB,256 GB,40% off,Samsung Galaxy
Tecno,Geek Black,4.4,"3,658 Ratings & 390 Reviews","₹23,999","₹18,749",8 GB,256 GB,21% off,Tecno Pova
POCO,Glacial Blue,4.7,482 Ratings & 33 Reviews,"₹22,999","₹19,999",8 GB,128 GB,13% off,POCO M8
Nothing,3a) (Blue,4.5,"55,446 Ratings & 3,855 Reviews","₹29,999","₹26,999",8 GB,256 GB,10% off,Nothing Phone
realme,Silk Blue,4.3,"5,827 Ratings & 381 Reviews",,"₹22,999",8 GB,128 GB,,realme 15T
IQOO,Cyber Green,4.2,"2,187 Ratings & 92 Reviews","₹13,999","₹12,054",4 GB,128 GB,13% off,IQOO Z10
realme,Orchid Purple,4.5,570 Ratings & 74 Reviews,"₹36,999","₹33,999",8 GB,256 GB,8% off,realme 16
MOTOROLA,Ice Melt,4.4,"2,066 Ratings & 151 Reviews","₹72,999","₹54,999",8 GB,256 GB,24% off,MOTOROLA Razr
POCO,Glacial Blue,4.6,490 Ratings & 30 Reviews,"₹21,999","₹18,999",6 GB,128 GB,13% off,POCO M8
OPPO,Midnight Violet,4.4,"22,077 Ratings & 1,683 Reviews","₹15,999","₹12,499",4 GB,128 GB,21% off,OPPO K13x
Samsung,Onyx Black,4.6,"51,482 Ratings & 2,819 Reviews","₹79,999","₹47,999",8 GB,256 GB,40% off,Samsung Galaxy
REDMI,Orchid Pink,4.2,"14,780 Ratings & 775 Reviews","₹19,999","₹13,746",8 GB,128 GB,31% off,REDMI 13
Samsung,Sage Green,4,761 Ratings & 57 Reviews,"₹13,500","₹11,797",6 GB,128 GB,12% off,Samsung M06
Samsung,Marble Gray,4.6,"51,482 Ratings & 2,819 Reviews","₹74,999","₹42,999",8 GB,128 GB,42% off,Samsung Galaxy
Samsung,Onyx Black,4.6,"51,482 Ratings & 2,819 Reviews","₹74,999","₹42,999",8 GB,128 GB,42% off,Samsung Galaxy
vivo,Meteor Grey,4.5,"5,156 Ratings & 465 Reviews","₹40,999","₹35,999",8 GB,256 GB,12% off,vivo T4
IQOO,MoonKnight Titanium,4.5,"5,757 Ratings & 371 Reviews","₹33,999","₹30,499",8 GB,256 GB,10% off,IQOO Neo
OPPO,Granite Black,4.4,"1,474 Ratings & 76 Reviews","₹36,999","₹26,999",12 GB,256 GB,27% off,OPPO F29
realme,Flash Blue,4.4,426 Ratings & 29 Reviews,"₹16,999","₹13,397",6 GB,128 GB,21% off,realme Narzo
Samsung,Amber Yellow,4.6,"51,482 Ratings & 2,819 Reviews","₹79,999","₹47,999",8 GB,256 GB,40% off,Samsung Galaxy
Samsung,Marble Gray,4.6,"51,482 Ratings & 2,819 Reviews","₹79,999","₹47,999",8 GB,256 GB,40% off,Samsung Galaxy
Apple,Silver,4.8,462 Ratings & 35 Reviews,,"₹1,49,900",,256 GB,,Apple iPhone
REDMI,Sandy Purple,4.3,"2,807 Ratings & 141 Reviews","₹17,999","₹16,879",8 GB,128 GB,6% off,REDMI 15
Samsung,Cobalt Violet,4.6,"51,482 Ratings & 2,819 Reviews","₹74,999","₹42,999",8 GB,128 GB,42% off,Samsung Galaxy
Samsung,Cobalt Violet,4.6,"51,482 Ratings & 2,819 Reviews","₹79,999","₹47,999",8 GB,256 GB,40% off,Samsung Galaxy
REDMI,Stargaze Black,4.2,"9,536 Ratings & 470 Reviews","₹14,999","₹11,480",6 GB,128 GB,23% off,REDMI 14C
realme,Master Gold,4.5,417 Ratings & 59 Reviews,"₹43,999","₹39,999",8 GB,128 GB,9% off,realme 16
Tecno,Azure Sky,4.3,146 Ratings & 12 Reviews,"₹14,999","₹12,999",8 GB,128 GB,13% off,Tecno Spark
realme,Master Gold,4.7,261 Ratings & 52 Reviews,"₹48,999","₹44,999",12 GB,256 GB,8% off,realme 16
OPPO,Midnight Violet,4.4,"22,077 Ratings & 1,683 Reviews","₹15,999","₹12,499",4 GB,128 GB,21% off,OPPO K13x
Samsung,Onyx Black,4.6,"51,482 Ratings & 2,819 Reviews","₹79,999","₹47,999",8 GB,256 GB,40% off,Samsung Galaxy
realme,Master Grey,4.7,261 Ratings & 52 Reviews,"₹48,999","₹44,999",12 GB,256 GB,8% off,realme 16
POCO,Yellow,4.4,"8,282 Ratings & 809 Reviews","₹33,999","₹24,999",12 GB,256 GB,26% off,POCO X7
Samsung,Marble Gray,4.6,"51,482 Ratings & 2,819 Reviews","₹74,999","₹42,999",8 GB,128 GB,42% off,Samsung Galaxy
Samsung,Onyx Black,4.6,"51,482 Ratings & 2,819 Reviews","₹74,999","₹42,999",8 GB,128 GB,42% off,Samsung Galaxy
OnePlus,Nebula Noir,4.5,"4,956 Ratings & 311 Reviews","₹44,999","₹39,358",12 GB,256 GB,12% off,OnePlus 13R
IQOO,Titanium Blue,4.3,"2,230 Ratings & 103 Reviews","₹16,999","₹15,273",8 GB,256 GB,10% off,IQOO Z10
IQOO,Cyber Green,4.3,"3,024 Ratings & 120 Reviews","₹14,999","₹13,100",6 GB,128 GB,12% off,IQOO Z10
OnePlus,Nebula Noir,4.5,"1,764 Ratings & 115 Reviews","₹51,999","₹46,899",16 GB,512 GB,9% off,OnePlus 13R
Samsung,Amber Yellow,4.6,"51,482 Ratings & 2,819 Reviews","₹79,999","₹47,999",8 GB,256 GB,40% off,Samsung Galaxy
Samsung,Marble Gray,4.6,"51,482 Ratings & 2,819 Reviews","₹79,999","₹47,999",8 GB,256 GB,40% off,Samsung Galaxy
realme,Orchid Purple,4.5,198 Ratings & 31 Reviews,"₹39,999","₹36,999",12 GB,256 GB,7% off,realme 16
realme,Pebble Grey,4.5,198 Ratings & 31 Reviews,"₹39,999","₹36,999",12 GB,256 GB,7% off,realme 16
Samsung,Cobalt Violet,4.6,"51,482 Ratings & 2,819 Reviews","₹74,999","₹42,999",8 GB,128 GB,42% off,Samsung Galaxy
Samsung,Cobalt Violet,4.6,"51,482 Ratings & 2,819 Reviews","₹79,999","₹47,999",8 GB,256 GB,40% off,Samsung Galaxy
vivo,Phoenix Gold,4.5,"5,156 Ratings & 465 Reviews","₹40,999","₹35,999",8 GB,256 GB,12% off,vivo T4
POCO,Carbon Black,4.3,"3,688 Ratings & 209 Reviews","₹17,999","₹14,999",8 GB,128 GB,16% off,POCO M7
Tecno,Geek Black,4.4,"3,658 Ratings & 390 Reviews","₹23,999","₹18,749",8 GB,256 GB,21% off,Tecno Pova
Apple,White,4.6,"4,218 Ratings & 226 Reviews","₹89,900","₹84,900",,256 GB,5% off,Apple iPhone
Samsung,Gray,4.3,306 Ratings & 15 Reviews,"₹21,999","₹17,599",6 GB,128 GB,20% off,Samsung Galaxy
REDMI,Stargaze Black,4.2,"8,875 Ratings & 442 Reviews","₹13,999","₹10,626",4 GB,128 GB,24% off,REDMI 14C
IQOO,Raging Blue,4.5,"5,757 Ratings & 371 Reviews","₹33,999","₹30,375",8 GB,256 GB,10% off,IQOO Neo
Samsung,Black,4.2,"4,520 Ratings & 307 Reviews","₹27,499","₹21,499",8 GB,256 GB,21% off,Samsung Galaxy
OPPO,Midnight Violet,4.4,"22,077 Ratings & 1,683 Reviews","₹15,999","₹12,499",4 GB,128 GB,21% off,OPPO K13x
Samsung,Onyx Black,4.6,"51,482 Ratings & 2,819 Reviews","₹79,999","₹47,999",8 GB,256 GB,40% off,Samsung Galaxy
vivo,Phoenix Gold,4.5,"3,634 Ratings & 345 Reviews","₹42,999","₹37,999",12 GB,256 GB,11% off,vivo T4
Motorola,Brilliant Blue,4.3,"2,51,617 Ratings & 12,421 Reviews","₹14,999","₹11,999",8 GB,128 GB,20% off,Motorola g45
Samsung,Navy,4.7,320 Ratings & 42 Reviews,"₹99,999","₹74,999",12 GB,256 GB,25% off,Samsung Galaxy
OPPO,Marble White,4.4,"1,970 Ratings & 135 Reviews","₹32,999","₹20,880",8 GB,128 GB,36% off,OPPO F29
Samsung,Marble Gray,4.6,"51,482 Ratings & 2,819 Reviews","₹74,999","₹42,999",8 GB,128 GB,42% off,Samsung Galaxy
Samsung,Onyx Black,4.6,"51,482 Ratings & 2,819 Reviews","₹74,999","₹42,999",8 GB,128 GB,42% off,Samsung Galaxy
Samsung,Awesome Light Gray,4.4,733 Ratings & 50 Reviews,"₹48,999","₹39,599",8 GB,256 GB,19% off,Samsung Galaxy
POCO,Misty Lavender,4.2,"18,328 Ratings & 1,055 Reviews","₹17,999","₹12,499",8 GB,128 GB,30% off,POCO M6
Samsung,Amber Yellow,4.6,"51,482 Ratings & 2,819 Reviews","₹79,999","₹47,999",8 GB,256 GB,40% off,Samsung Galaxy
Samsung,Marble Gray,4.6,"51,482 Ratings & 2,819 Reviews","₹79,999","₹47,999",8 GB,256 GB,40% off,Samsung Galaxy
IQOO,Titanium Chrome,4.5,956 Ratings & 76 Reviews,"₹40,999","₹40,540",12 GB,256 GB,1% off,IQOO Neo
POCO,Spring Green,4.2,37 Ratings & 3 Reviews,"₹16,999","₹14,499",8 GB,128 GB,14% off,POCO C85
Apple,Lavender,4.7,"3,975 Ratings & 227 Reviews",,"₹1,02,900",,512 GB,,Apple iPhone
IQOO,Raging Blue,4.5,"5,757 Ratings & 371 Reviews","₹31,999","₹27,282",8 GB,128 GB,14% off,IQOO Neo
Samsung,Cobalt Violet,4.6,"51,482 Ratings & 2,819 Reviews","₹74,999","₹42,999",8 GB,128 GB,42% off,Samsung Galaxy
Samsung,Cobalt Violet,4.6,"51,482 Ratings & 2,819 Reviews","₹79,999","₹47,999",8 GB,256 GB,40% off,Samsung Galaxy
realme,Glowing Lunar White,4.4,"19,034 Ratings & 1,849 Reviews","₹31,999","₹22,999",8 GB,128 GB,28% off,realme P3
realme,Neptune Blue,4.4,"19,034 Ratings & 1,849 Reviews","₹31,999","₹22,999",8 GB,128 GB,28% off,realme P3
REDMI,Midnight Black,4.3,"2,807 Ratings & 141 Reviews","₹19,999","₹18,393",8 GB,256 GB,8% off,REDMI 15
realme,Pearl White,4.4,"8,850 Ratings & 958 Reviews","₹39,999","₹30,999",12 GB,512 GB,22% off,realme 14
Samsung,Black,4.4,395 Ratings & 18 Reviews,"₹26,499","₹21,649",8 GB,256 GB,18% off,Samsung Galaxy
vivo,Phoenix Gold,4.5,"3,634 Ratings & 345 Reviews","₹44,999","₹39,999",12 GB,512 GB,11% off,vivo T4
Motorola,Brilliant Blue,4.3,"53,031 Ratings & 3,069 Reviews","₹12,999","₹10,999",4 GB,128 GB,15% off,Motorola g45
IQOO,Aquamarine,4.4,"3,452 Ratings & 192 Reviews","₹24,999","₹22,480",8 GB,256 GB,10% off,IQOO Z10R
OPPO,Midnight Violet,4.4,"22,077 Ratings & 1,683 Reviews","₹15,999","₹12,499",4 GB,128 GB,21% off,OPPO K13x
Samsung,Onyx Black,4.6,"51,482 Ratings & 2,819 Reviews","₹79,999","₹47,999",8 GB,256 GB,40% off,Samsung Galaxy
IQOO,Moonstone,4.4,"3,452 Ratings & 192 Reviews","₹23,499","₹19,950",8 GB,128 GB,15% off,IQOO Z10R
realme,Flowing Silver,4.3,"5,827 Ratings & 381 Reviews",,"₹24,999",8 GB,256 GB,,realme 15T
Samsung,Marble Gray,4.6,"51,482 Ratings & 2,819 Reviews","₹74,999","₹42,999",8 GB,128 GB,42% off,Samsung Galaxy
Samsung,Onyx Black,4.6,"51,482 Ratings & 2,819 Reviews","₹74,999","₹42,999",8 GB,128 GB,42% off,Samsung Galaxy
REDMI,Frosted White,4.3,"1,313 Ratings & 77 Reviews","₹16,999","₹15,998",6 GB,128 GB,5% off,REDMI 15
IQOO,Titanium Chrome,4.6,"1,318 Ratings & 96 Reviews","₹38,999","₹37,494",8 GB,256 GB,3% off,IQOO Neo
vivo,Meteor Grey,4.5,"3,634 Ratings & 345 Reviews","₹42,999","₹37,999",12 GB,256 GB,11% off,vivo T4
Samsung,Blue,4.2,200 Ratings & 17 Reviews,"₹1,09,999","₹94,990",12 GB,256 GB,13% off,Samsung Galaxy
Samsung,Amber Yellow,4.6,"51,482 Ratings & 2,819 Reviews","₹79,999","₹47,999",8 GB,256 GB,40% off,Samsung Galaxy
Samsung,Marble Gray,4.6,"51,482 Ratings & 2,819 Reviews","₹79,999","₹47,999",8 GB,256 GB,40% off,Samsung Galaxy
IQOO,Inferno Red,4.6,"1,318 Ratings & 96 Reviews","₹38,999","₹37,600",8 GB,256 GB,3% off,IQOO Neo
Samsung,Cobalt Violet,4.6,"51,482 Ratings & 2,819 Reviews","₹74,999","₹42,999",8 GB,128 GB,42% off,Samsung Galaxy
Samsung,Cobalt Violet,4.6,"51,482 Ratings & 2,819 Reviews","₹79,999","₹47,999",8 GB,256 GB,40% off,Samsung Galaxy
realme,Jewel Red,4.4,"8,432 Ratings & 421 Reviews","₹17,999","₹15,999",8 GB,128 GB,11% off,realme 14x
Samsung,Blazing Black,4,761 Ratings & 57 Reviews,"₹13,999","₹11,897",6 GB,128 GB,15% off,Samsung M06
realme,Pearl White,4.4,"8,850 Ratings & 958 Reviews","₹37,999","₹34,999",12 GB,256 GB,7% off,realme 14
realme,Emerald Drift,4.4,"18,453 Ratings & 2,129 Reviews","₹35,999","₹24,999",8 GB,256 GB,30% off,realme 14
realme,Camellia Pink,4.7,261 Ratings & 52 Reviews,"₹48,999","₹44,999",12 GB,256 GB,8% off,realme 16
realme,Glowing Lunar White,4.5,"3,911 Ratings & 360 Reviews","₹35,999","₹25,999",12 GB,256 GB,27% off,realme P3
realme,Orion Red,4.5,"3,911 Ratings & 360 Reviews","₹35,999","₹25,999",12 GB,256 GB,27% off,realme P3
POCO,Power Black,4.2,174 Ratings & 10 Reviews,"₹15,499","₹12,999",6 GB,128 GB,16% off,POCO C85
realme,Suit Titanium,4.3,"5,827 Ratings & 381 Reviews",,"₹22,999",8 GB,128 GB,,realme 15T
OPPO,Midnight Violet,4.4,"22,077 Ratings & 1,683 Reviews","₹15,999","₹12,499",4 GB,128 GB,21% off,OPPO K13x
Samsung,Onyx Black,4.6,"51,482 Ratings & 2,819 Reviews","₹79,999","₹47,999",8 GB,256 GB,40% off,Samsung Galaxy
REDMI,Stardust Purple,4.2,"8,875 Ratings & 442 Reviews","₹13,999","₹10,499",4 GB,128 GB,25% off,REDMI 14C
REDMI,Stargaze Black,4.2,"8,875 Ratings & 442 Reviews","₹13,999","₹10,499",4 GB,128 GB,25% off,REDMI 14C
REDMI,Mystique White,4.2,"4,094 Ratings & 227 Reviews","₹24,999","₹18,210",8 GB,256 GB,27% off,REDMI Note
IQOO,Aquamarine,4.3,453 Ratings & 28 Reviews,"₹26,999","₹24,580",12 GB,256 GB,8% off,IQOO Z10R
Samsung,Marble Gray,4.6,"51,482 Ratings & 2,819 Reviews","₹74,999","₹42,999",8 GB,128 GB,42% off,Samsung Galaxy
Samsung,Onyx Black,4.6,"51,482 Ratings & 2,819 Reviews","₹74,999","₹42,999",8 GB,128 GB,42% off,Samsung Galaxy
realme,Orion Red,4.4,"19,034 Ratings & 1,849 Reviews","₹33,999","₹24,499",8 GB,256 GB,27% off,realme P3
realme,Neptune Blue,4.5,"3,911 Ratings & 360 Reviews","₹35,999","₹25,999",12 GB,256 GB,27% off,realme P3
Samsung,Amber Yellow,4.6,"51,482 Ratings & 2,819 Reviews","₹79,999","₹47,999",8 GB,256 GB,40% off,Samsung Galaxy
Samsung,Marble Gray,4.6,"51,482 Ratings & 2,819 Reviews","₹79,999","₹47,999",8 GB,256 GB,40% off,Samsung Galaxy
realme,Orion Red,4.4,"19,034 Ratings & 1,849 Reviews","₹31,999","₹22,999",8 GB,128 GB,28% off,realme P3
realme,Glowing Lunar White,4.4,"19,034 Ratings & 1,849 Reviews","₹33,999","₹24,499",8 GB,256 GB,27% off,realme P3
realme,Neptune Blue,4.4,"19,034 Ratings & 1,849 Reviews","₹33,999","₹24,499",8 GB,256 GB,27% off,realme P3
Motorola,Cobalt Blue,4.4,"2,59,008 Ratings & 12,768 Reviews","₹20,999","₹15,999",8 GB,128 GB,23% off,Motorola G85
Samsung,Cobalt Violet,4.6,"51,482 Ratings & 2,819 Reviews","₹74,999","₹42,999",8 GB,128 GB,42% off,Samsung Galaxy
Samsung,Cobalt Violet,4.6,"51,482 Ratings & 2,819 Reviews","₹79,999","₹47,999",8 GB,256 GB,40% off,Samsung Galaxy
Samsung,Moonlight Silver,4.4,37 Ratings & 3 Reviews,"₹19,499","₹16,190",8 GB,128 GB,16% off,Samsung Galaxy
Apple,Pink,4.6,"4,218 Ratings & 226 Reviews","₹89,900","₹84,900",,256 GB,5% off,Apple iPhone
REDMI,Starlight Blue,4.2,"9,536 Ratings & 470 Reviews","₹14,999","₹11,999",6 GB,128 GB,20% off,REDMI 14C
vivo,Meteor Grey,4.5,"3,634 Ratings & 345 Reviews","₹44,999","₹39,999",12 GB,512 GB,11% off,vivo T4
realme,Birch Wood,4.4,"17,133 Ratings & 1,359 Reviews","₹28,999","₹24,999",8 GB,128 GB,13% off,realme P4
Motorola,Viva Magenta,4.3,"2,51,617 Ratings & 12,421 Reviews","₹14,999","₹11,999",8 GB,128 GB,20% off,Motorola g45
MOTOROLA,Guava Red,4.3,"7,411 Ratings & 356 Reviews","₹15,499","₹12,999",8 GB,128 GB,16% off,MOTOROLA g35
realme,Dark Oak Wood,4.4,"17,133 Ratings & 1,359 Reviews","₹30,999","₹26,999",8 GB,256 GB,12% off,realme P4
OPPO,Midnight Violet,4.4,"22,077 Ratings & 1,683 Reviews","₹15,999","₹12,499",4 GB,128 GB,21% off,OPPO K13x
Samsung,Onyx Black,4.6,"51,482 Ratings & 2,819 Reviews","₹79,999","₹47,999",8 GB,256 GB,40% off,Samsung Galaxy
realme,Midnight Ivy,4.4,"17,133 Ratings & 1,359 Reviews","₹28,999","₹24,999",8 GB,128 GB,13% off,realme P4
realme,Suede Grey,4.4,"8,850 Ratings & 958 Reviews","₹39,999","₹30,999",12 GB,512 GB,22% off,realme 14
Samsung,Marble Gray,4.6,"51,482 Ratings & 2,819 Reviews","₹74,999","₹42,999",8 GB,128 GB,42% off,Samsung Galaxy
Samsung,Onyx Black,4.6,"51,482 Ratings & 2,819 Reviews","₹74,999","₹42,999",8 GB,128 GB,42% off,Samsung Galaxy
IQOO,Moonstone,4.3,453 Ratings & 28 Reviews,"₹26,999","₹24,999",12 GB,256 GB,7% off,IQOO Z10R
Infinix,Sea Breeze Green,4.3,"4,839 Ratings & 403 Reviews","₹16,999","₹14,999",8 GB,128 GB,11% off,Infinix Note
Samsung,Awesome Mint,4,256 Ratings & 28 Reviews,"₹30,999","₹25,299",8 GB,256 GB,18% off,Samsung Galaxy
Samsung,Violet,4.3,"9,044 Ratings & 523 Reviews","₹22,999","₹16,999",6 GB,128 GB,26% off,Samsung Galaxy
Samsung,Amber Yellow,4.6,"51,482 Ratings & 2,819 Reviews","₹79,999","₹47,999",8 GB,256 GB,40% off,Samsung Galaxy
Samsung,Marble Gray,4.6,"51,482 Ratings & 2,819 Reviews","₹79,999","₹47,999",8 GB,256 GB,40% off,Samsung Galaxy
IQOO,MoonKnight Titanium,4.5,"2,923 Ratings & 190 Reviews","₹35,999","₹32,990",12 GB,256 GB,8% off,IQOO Neo
Samsung,Awesome Iceblue,4.4,"6,446 Ratings & 389 Reviews","₹45,999","₹32,999",8 GB,256 GB,28% off,Samsung Galaxy
Samsung,Cobalt Violet,4.6,"51,482 Ratings & 2,819 Reviews","₹74,999","₹42,999",8 GB,128 GB,42% off,Samsung Galaxy
Samsung,Cobalt Violet,4.6,"51,482 Ratings & 2,819 Reviews","₹79,999","₹47,999",8 GB,256 GB,40% off,Samsung Galaxy
OnePlus,Dark Chrome,4.5,"28,015 Ratings & 1,530 Reviews","₹24,999","₹22,939",8 GB,128 GB,8% off,OnePlus Nord
Apple,Mist Blue,4.7,"3,975 Ratings & 227 Reviews",,"₹1,02,900",,512 GB,,Apple iPhone
POCO,Chrome Silver,4.3,"3,688 Ratings & 209 Reviews","₹17,999","₹14,999",8 GB,128 GB,16% off,POCO M7
realme,Bikaner Purple,4.4,"18,453 Ratings & 2,129 Reviews","₹33,999","₹29,999",8 GB,128 GB,11% off,realme 14
OPPO,Midnight Violet,4.4,"22,077 Ratings & 1,683 Reviews","₹15,999","₹12,499",4 GB,128 GB,21% off,OPPO K13x
Samsung,Onyx Black,4.6,"51,482 Ratings & 2,819 Reviews","₹79,999","₹47,999",8 GB,256 GB,40% off,Samsung Galaxy
realme,Bikaner Purple,4.4,"18,453 Ratings & 2,129 Reviews","₹33,999","₹29,999",8 GB,128 GB,11% off,realme 14
realme,Pearl White,4.4,"18,453 Ratings & 2,129 Reviews","₹33,999","₹29,999",8 GB,128 GB,11% off,realme 14
Samsung,Marble Gray,4.6,"51,482 Ratings & 2,819 Reviews","₹74,999","₹42,999",8 GB,128 GB,42% off,Samsung Galaxy
Samsung,Onyx Black,4.6,"51,482 Ratings & 2,819 Reviews","₹74,999","₹42,999",8 GB,128 GB,42% off,Samsung Galaxy
IQOO,Stellar Black / Black,4.4,"5,015 Ratings & 247 Reviews","₹25,999","₹22,398",8 GB,128 GB,13% off,IQOO Z10
Infinix,Enchanted Purple,4.3,"4,839 Ratings & 403 Reviews","₹16,999","₹14,999",8 GB,128 GB,11% off,Infinix Note
IQOO,Glacier Silver / Silver,4.4,"5,015 Ratings & 247 Reviews","₹25,999","₹22,299",8 GB,128 GB,14% off,IQOO Z10
realme,Suede Grey,4.4,"18,453 Ratings & 2,129 Reviews","₹35,999","₹31,999",8 GB,256 GB,11% off,realme 14
Samsung,Amber Yellow,4.6,"51,482 Ratings & 2,819 Reviews","₹79,999","₹47,999",8 GB,256 GB,40% off,Samsung Galaxy
Samsung,Marble Gray,4.6,"51,482 Ratings & 2,819 Reviews","₹79,999","₹47,999",8 GB,256 GB,40% off,Samsung Galaxy
Samsung,Awesome Light Gray,4.4,733 Ratings & 50 Reviews,"₹48,999","₹39,599",8 GB,256 GB,19% off,Samsung Galaxy
Samsung,Blue,4.2,200 Ratings & 17 Reviews,"₹1,09,999","₹94,990",12 GB,256 GB,13% off,Samsung Galaxy
Samsung,Cobalt Violet,4.6,"51,482 Ratings & 2,819 Reviews","₹74,999","₹42,999",8 GB,128 GB,42% off,Samsung Galaxy
Samsung,Cobalt Violet,4.6,"51,482 Ratings & 2,819 Reviews","₹79,999","₹47,999",8 GB,256 GB,40% off,Samsung Galaxy
Infinix,Enchanted Purple,4.3,"16,441 Ratings & 1,449 Reviews","₹14,999","₹13,499",6 GB,128 GB,10% off,Infinix Note
Infinix,Titanium Grey,4.3,"16,441 Ratings & 1,449 Reviews","₹14,999","₹13,499",6 GB,128 GB,10% off,Infinix Note
Infinix,Sea Breeze Green,4.3,"16,441 Ratings & 1,449 Reviews","₹14,999","₹13,499",6 GB,128 GB,10% off,Infinix Note
Samsung,Sage Green,4.1,"1,020 Ratings & 64 Reviews","₹13,999","₹10,864",4 GB,128 GB,22% off,Samsung M06
Samsung,Awesome Lavender,4.4,283 Ratings & 19 Reviews,"₹41,999","₹34,649",12 GB,256 GB,17% off,Samsung Galaxy
Samsung,Gold,4.2,"4,333 Ratings & 191 Reviews","₹19,999","₹15,840",6 GB,128 GB,20% off,Samsung Galaxy
Samsung,Light Green,4.1,"2,694 Ratings & 160 Reviews","₹13,499","₹11,949",4 GB,64 GB,11% off,Samsung Galaxy
Samsung,Blazing Black,4.1,"1,020 Ratings & 64 Reviews","₹13,999","₹10,850",4 GB,128 GB,22% off,Samsung M06
OPPO,Midnight Violet,4.4,"22,077 Ratings & 1,683 Reviews","₹15,999","₹12,499",4 GB,128 GB,21% off,OPPO K13x
Samsung,Onyx Black,4.6,"51,482 Ratings & 2,819 Reviews","₹79,999","₹47,999",8 GB,256 GB,40% off,Samsung Galaxy
IQOO,Stellar Black / Black,4.4,"1,128 Ratings & 63 Reviews","₹29,999","₹27,388",12 GB,256 GB,8% off,IQOO Z10
POCO,Power Black,4.2,127 Ratings & 7 Reviews,"₹14,499","₹11,999",4 GB,128 GB,17% off,POCO C85
REDMI,Titan Black,4.2,"4,094 Ratings & 227 Reviews","₹24,999","₹18,990",8 GB,256 GB,24% off,REDMI Note
realme,Birch Wood,4.4,"3,827 Ratings & 322 Reviews","₹32,999","₹28,999",12 GB,256 GB,12% off,realme P4
Samsung,Marble Gray,4.6,"51,482 Ratings & 2,819 Reviews","₹74,999","₹42,999",8 GB,128 GB,42% off,Samsung Galaxy
Samsung,Onyx Black,4.6,"51,482 Ratings & 2,819 Reviews","₹74,999","₹42,999",8 GB,128 GB,42% off,Samsung Galaxy
realme,Midnight Ivy,4.4,"17,133 Ratings & 1,359 Reviews","₹30,999","₹26,999",8 GB,256 GB,12% off,realme P4
IQOO,Glacier Silver,4.4,"5,015 Ratings & 247 Reviews","₹25,999","₹23,323",8 GB,128 GB,10% off,IQOO Z10
Samsung,Amber Yellow,4.6,"51,482 Ratings & 2,819 Reviews","₹79,999","₹47,999",8 GB,256 GB,40% off,Samsung Galaxy
Samsung,Marble Gray,4.6,"51,482 Ratings & 2,819 Reviews","₹79,999","₹47,999",8 GB,256 GB,40% off,Samsung Galaxy
Tecno,Neon Cyan,4.4,"2,244 Ratings & 228 Reviews","₹18,999","₹15,999",6 GB,128 GB,15% off,Tecno Pova
POCO,Spring Green,4.2,37 Ratings & 3 Reviews,"₹16,999","₹14,499",8 GB,128 GB,14% off,POCO C85
realme,IceSense Blue,4.5,363 Ratings & 30 Reviews,"₹42,999","₹37,999",12 GB,256 GB,11% off,realme GT
realme,IceSense Black,4.5,363 Ratings & 30 Reviews,"₹46,999","₹41,999",12 GB,512 GB,10% off,realme GT
Samsung,Cobalt Violet,4.6,"51,482 Ratings & 2,819 Reviews","₹74,999","₹42,999",8 GB,128 GB,42% off,Samsung Galaxy
Samsung,Cobalt Violet,4.6,"51,482 Ratings & 2,819 Reviews","₹79,999","₹47,999",8 GB,256 GB,40% off,Samsung Galaxy
realme,IceSense Blue,4.5,363 Ratings & 30 Reviews,"₹46,999","₹41,999",12 GB,512 GB,10% off,realme GT
Samsung,Titanium Gray,4.6,"7,553 Ratings & 551 Reviews","₹1,34,999","₹1,19,999",12 GB,256 GB,11% off,Samsung Galaxy
realme,IceSense Black,4.5,363 Ratings & 30 Reviews,"₹42,999","₹37,999",12 GB,256 GB,11% off,realme GT
vivo,Elite Purple,4.4,"2,374 Ratings & 148 Reviews","₹36,999","₹31,999",8 GB,256 GB,13% off,vivo V60e
realme,Racing Green,4.5,850 Ratings & 42 Reviews,"₹23,999","₹18,883",8 GB,128 GB,21% off,realme NARZO
Apple,Pink,4.6,"2,03,686 Ratings & 6,511 Reviews","₹79,900","₹74,900",,256 GB,6% off,Apple iPhone
Motorola,Forest Blue,4.4,"1,72,840 Ratings & 11,431 Reviews","₹27,999","₹20,999",12 GB,256 GB,25% off,Motorola Edge
IQOO,Inferno Red,4.7,180 Ratings & 15 Reviews,"₹45,999","₹45,898",16 GB,512 GB,,IQOO Neo
OPPO,Midnight Violet,4.4,"22,077 Ratings & 1,683 Reviews","₹15,999","₹12,499",4 GB,128 GB,21% off,OPPO K13x
Samsung,Onyx Black,4.6,"51,482 Ratings & 2,819 Reviews","₹79,999","₹47,999",8 GB,256 GB,40% off,Samsung Galaxy
IQOO,Titanium Chrome,4.7,180 Ratings & 15 Reviews,"₹45,999","₹45,907",16 GB,512 GB,,IQOO Neo
realme,Suede Grey,4.4,"18,453 Ratings & 2,129 Reviews","₹33,999","₹29,999",8 GB,128 GB,11% off,realme 14
Samsung,Marble Gray,4.6,"51,482 Ratings & 2,819 Reviews","₹74,999","₹42,999",8 GB,128 GB,42% off,Samsung Galaxy
Samsung,Onyx Black,4.6,"51,482 Ratings & 2,819 Reviews","₹74,999","₹42,999",8 GB,128 GB,42% off,Samsung Galaxy
OPPO,Starry Black,4.3,"2,768 Ratings & 132 Reviews","₹19,999","₹13,499",6 GB,128 GB,32% off,OPPO A59
OPPO,Silk Gold,4.3,"2,768 Ratings & 132 Reviews","₹19,999","₹13,390",6 GB,128 GB,33% off,OPPO A59
realme,Racing Yellow,4.5,363 Ratings & 30 Reviews,"₹42,999","₹37,999",12 GB,256 GB,11% off,realme GT
Samsung,Blue Black,4.2,"4,333 Ratings & 191 Reviews","₹19,999","₹15,846",6 GB,128 GB,20% off,Samsung Galaxy
Samsung,Amber Yellow,4.6,"51,482 Ratings & 2,819 Reviews","₹79,999","₹47,999",8 GB,256 GB,40% off,Samsung Galaxy
Samsung,Marble Gray,4.6,"51,482 Ratings & 2,819 Reviews","₹79,999","₹47,999",8 GB,256 GB,40% off,Samsung Galaxy
Samsung,Light Green,4.2,"4,333 Ratings & 191 Reviews","₹19,999","₹15,996",6 GB,128 GB,20% off,Samsung Galaxy
POCO,Cosmic Silver,4.3,"28,972 Ratings & 2,184 Reviews","₹27,999","₹19,999",8 GB,256 GB,28% off,POCO X7
Samsung,Cobalt Violet,4.6,"51,482 Ratings & 2,819 Reviews","₹74,999","₹42,999",8 GB,128 GB,42% off,Samsung Galaxy
Samsung,Cobalt Violet,4.6,"51,482 Ratings & 2,819 Reviews","₹79,999","₹47,999",8 GB,256 GB,40% off,Samsung Galaxy
IQOO,Aquamarine,4.4,"3,452 Ratings & 192 Reviews","₹23,499","₹19,900",8 GB,128 GB,15% off,IQOO Z10R
Samsung,Blue,4.3,306 Ratings & 15 Reviews,"₹21,999","₹17,599",6 GB,128 GB,20% off,Samsung Galaxy
Samsung,Light Green,4.2,"4,333 Ratings & 191 Reviews","₹19,999","₹15,660",6 GB,128 GB,21% off,Samsung Galaxy
Tecno,Cool Black,4.3,850 Ratings & 65 Reviews,"₹24,999","₹20,999",8 GB,128 GB,16% off,Tecno Pova
vivo,Elite Purple,4.5,940 Ratings & 56 Reviews,"₹38,999","₹33,999",12 GB,256 GB,12% off,vivo V60e
Samsung,Silver Shadow,4.1,236 Ratings & 14 Reviews,"₹1,76,999","₹1,61,999",12 GB,512 GB,8% off,Samsung Galaxy
Tecno,Magic Silver,4.4,"2,244 Ratings & 228 Reviews","₹18,999","₹15,999",6 GB,128 GB,15% off,Tecno Pova
realme,Aqua Blue,4.3,"3,230 Ratings & 231 Reviews",,"₹19,999",8 GB,128 GB,,realme 15x
OPPO,Midnight Violet,4.4,"22,077 Ratings & 1,683 Reviews","₹15,999","₹12,499",4 GB,128 GB,21% off,OPPO K13x
Samsung,Onyx Black,4.6,"51,482 Ratings & 2,819 Reviews","₹79,999","₹47,999",8 GB,256 GB,40% off,Samsung Galaxy
MOTOROLA,Pantone Dazzling Blue,4.4,"2,435 Ratings & 182 Reviews","₹42,999","₹36,999",16 GB,512 GB,13% off,MOTOROLA Edge
REDMI,Phantom Purple,4.2,"4,094 Ratings & 227 Reviews","₹24,999","₹18,649",8 GB,256 GB,25% off,REDMI Note
realme,IceSense Blue,4.4,601 Ratings & 51 Reviews,"₹39,999","₹34,999",8 GB,256 GB,12% off,realme GT
OnePlus,Black Velvet,4.6,"1,348 Ratings & 103 Reviews","₹62,999","₹56,493",12 GB,512 GB,10% off,OnePlus 13s
Samsung,Marble Gray,4.6,"51,482 Ratings & 2,819 Reviews","₹74,999","₹42,999",8 GB,128 GB,42% off,Samsung Galaxy
Samsung,Onyx Black,4.6,"51,482 Ratings & 2,819 Reviews","₹74,999","₹42,999",8 GB,128 GB,42% off,Samsung Galaxy
OnePlus,Infinite Black,4.7,28 Ratings & 5 Reviews,"₹83,999","₹79,999",16 GB,512 GB,4% off,OnePlus 15
REDMI,Black,4.8,10 Ratings & 0 Reviews,"₹26,999","₹23,187",8 GB,128 GB,14% off,REDMI Note
Samsung,Amber Yellow,4.6,"51,482 Ratings & 2,819 Reviews","₹79,999","₹47,999",8 GB,256 GB,40% off,Samsung Galaxy
Samsung,Marble Gray,4.6,"51,482 Ratings & 2,819 Reviews","₹79,999","₹47,999",8 GB,256 GB,40% off,Samsung Galaxy
REDMI,Stardust Purple,4.2,"9,536 Ratings & 470 Reviews","₹14,999","₹11,999",6 GB,128 GB,20% off,REDMI 14C
Samsung,Light Green,4,197 Ratings & 16 Reviews,"₹34,999","₹22,966",12 GB,256 GB,34% off,Samsung Galaxy
IQOO,Stellar Black / Black,4.4,"5,015 Ratings & 247 Reviews","₹27,999","₹24,290",8 GB,256 GB,13% off,IQOO Z10
MOTOROLA,Peach Fuzz,4.3,"41,905 Ratings & 2,971 Reviews","₹32,999","₹21,999",8 GB,256 GB,33% off,MOTOROLA Edge
Samsung,Cobalt Violet,4.6,"51,482 Ratings & 2,819 Reviews","₹74,999","₹42,999",8 GB,128 GB,42% off,Samsung Galaxy
Samsung,Cobalt Violet,4.6,"51,482 Ratings & 2,819 Reviews","₹79,999","₹47,999",8 GB,256 GB,40% off,Samsung Galaxy
realme,Nebula Glow,4.4,"18,013 Ratings & 1,339 Reviews","₹28,999","₹19,999",8 GB,128 GB,31% off,realme P3
Samsung,Black,4.1,73 Ratings & 5 Reviews,"₹16,999","₹12,999",6 GB,128 GB,23% off,Samsung Galaxy
realme,Diary White,4.8,53 Ratings & 28 Reviews,"₹79,999","₹72,999",12 GB,256 GB,8% off,realme GT
realme,Urban Blue,4.8,53 Ratings & 28 Reviews,"₹79,999","₹72,999",12 GB,256 GB,8% off,realme GT
OnePlus,Titan Black,4.4,"1,380 Ratings & 130 Reviews","₹56,999","₹32,531",8 GB,128 GB,42% off,OnePlus 11
OPPO,Bloom Red,4.3,"1,556 Ratings & 80 Reviews","₹27,999","₹26,999",8 GB,128 GB,3% off,OPPO F31
Samsung,Awesome Navy,4.3,691 Ratings & 50 Reviews,"₹48,999","₹32,885",12 GB,256 GB,32% off,Samsung Galaxy
realme,Saturn Brown,4.4,"4,160 Ratings & 299 Reviews","₹32,999","₹23,999",12 GB,256 GB,27% off,realme P3
OPPO,Midnight Violet,4.4,"22,077 Ratings & 1,683 Reviews","₹15,999","₹12,499",4 GB,128 GB,21% off,OPPO K13x
Samsung,Onyx Black,4.6,"51,482 Ratings & 2,819 Reviews","₹79,999","₹47,999",8 GB,256 GB,40% off,Samsung Galaxy
Tecno,Magic Silver,4.4,"2,244 Ratings & 228 Reviews","₹18,999","₹15,999",6 GB,128 GB,15% off,Tecno Pova
Samsung,Red,4.3,"9,044 Ratings & 523 Reviews","₹22,999","₹16,999",6 GB,128 GB,26% off,Samsung Galaxy
Samsung,Marble Gray,4.6,"51,482 Ratings & 2,819 Reviews","₹74,999","₹42,999",8 GB,128 GB,42% off,Samsung Galaxy
Samsung,Onyx Black,4.6,"51,482 Ratings & 2,819 Reviews","₹74,999","₹42,999",8 GB,128 GB,42% off,Samsung Galaxy
POCO,Obsidian Black,4.4,"8,282 Ratings & 809 Reviews","₹33,999","₹25,999",12 GB,256 GB,23% off,POCO X7
POCO,Cosmic Silver,4.3,"28,972 Ratings & 2,184 Reviews","₹24,999","₹17,999",8 GB,128 GB,28% off,POCO X7
realme,Silk Pink,4.4,"10,210 Ratings & 824 Reviews","₹29,999","₹25,999",8 GB,128 GB,13% off,realme 15
realme,Flowing Silver,4.4,"10,210 Ratings & 824 Reviews","₹31,999","₹27,999",8 GB,256 GB,12% off,realme 15
Samsung,Amber Yellow,4.6,"51,482 Ratings & 2,819 Reviews","₹79,999","₹47,999",8 GB,256 GB,40% off,Samsung Galaxy
Samsung,Marble Gray,4.6,"51,482 Ratings & 2,819 Reviews","₹79,999","₹47,999",8 GB,256 GB,40% off,Samsung Galaxy
realme,Silk Pink,4.4,"10,210 Ratings & 824 Reviews","₹31,999","₹27,999",8 GB,256 GB,12% off,realme 15
Samsung,Navy,4.6,60 Ratings & 4 Reviews,,"₹59,999",8 GB,128 GB,,Samsung Galaxy
Samsung,Cobalt Violet,4.6,"51,482 Ratings & 2,819 Reviews","₹74,999","₹42,999",8 GB,128 GB,42% off,Samsung Galaxy
Samsung,Cobalt Violet,4.6,"51,482 Ratings & 2,819 Reviews","₹79,999","₹47,999",8 GB,256 GB,40% off,Samsung Galaxy
Samsung,Jetblack,4.6,60 Ratings & 4 Reviews,,"₹59,999",8 GB,128 GB,,Samsung Galaxy
Samsung,Apricot Crush,4,"3,194 Ratings & 255 Reviews","₹28,999","₹26,899",8 GB,128 GB,7% off,Samsung Galaxy
realme,Saturn Brown,4.4,"18,013 Ratings & 1,339 Reviews","₹28,999","₹19,999",8 GB,128 GB,31% off,realme P3
realme,Galaxy Purple,4.4,"18,013 Ratings & 1,339 Reviews","₹28,999","₹19,999",8 GB,128 GB,31% off,realme P3
